{"cameraMode":{"drawMode":0,"name":"Shaded","section":"Shading Mode"},"sceneLighting":false,"audioPlay":false,"sceneViewState":{"m_AlwaysRefresh":false,"showFog":true,"showSkybox":false,"showFlares":true,"showImageEffects":true,"showParticleSystems":true,"showVisualEffectGraphs":true,"m_FxEnabled":true},"in2DMode":false,"pivot":{"x":0.04411086440086365,"y":-1.9931166172027588,"z":3.1172618865966799},"rotation":{"x":-0.28622618317604067,"y":0.02846008725464344,"z":-0.008525150828063488,"w":-0.9577304124832153},"size":3.4207308292388918,"orthographic":false}