{"cameraMode":{"drawMode":0,"name":"Shaded","section":"Shading Mode"},"sceneLighting":false,"audioPlay":false,"sceneViewState":{"m_AlwaysRefresh":false,"showFog":true,"showSkybox":false,"showFlares":true,"showImageEffects":true,"showParticleSystems":true,"showVisualEffectGraphs":true,"m_FxEnabled":true},"in2DMode":false,"pivot":{"x":-0.11711913347244263,"y":-0.5500562787055969,"z":-1.0607870817184449},"rotation":{"x":-0.0012819699477404357,"y":-0.8836632370948792,"z":0.4681728780269623,"w":-0.0023870079312473537},"size":1.862139105796814,"orthographic":false}