{"cameraMode":{"drawMode":0,"name":"Shaded","section":"Shading Mode"},"sceneLighting":false,"audioPlay":false,"sceneViewState":{"m_AlwaysRefresh":false,"showFog":true,"showSkybox":false,"showFlares":true,"showImageEffects":true,"showParticleSystems":true,"showVisualEffectGraphs":true,"m_FxEnabled":true},"in2DMode":false,"pivot":{"x":2.4144558906555177,"y":9.150604248046875,"z":13.56419849395752},"rotation":{"x":0.13430389761924745,"y":0.005939152557402849,"z":-0.0008106203167699277,"w":0.9909421801567078},"size":5.665502548217773,"orthographic":false}